index,corr_qr,corr_hadamard
100,0.888273862711988,0.11471202732293075
1000,0.8593362438298923,0.5035823530515715
5000,0.8532338199133173,0.6144291382375671
12000,0.9784208944315318,0.1706878918095137
